"Reference_SNP","Sample_ID","Reference_Cell_Count","SNP_ID","CHR","POS","REF","ALT","Gene","XCI_status","Gene_class","Used_as_refGene","Used_as_refSNP","Total_A_allele","Total_B_allele","Total_allele","Expressing_cells","minor_allele_ratio","Reference_Gene","Num_Reference_Gene","Num_Reference_SNP","Num_A_cells","Num_B_cells","Num_Fail_cells"
"chrX:71300490:C:T,chrX:135051967:T:A,chrX:12791542:G:A,chrX:72572062:C:T,chrX:56817338:G:A,chrX:79360853:T:G,chrX:21940733:A:G,chrX:79360874:T:G,chrX:79360717:C:G,chrX:23907717:A:T,chrX:118685810:A:C,chrX:103215423:T:G,chrX:118685939:A:G,chrX:57286924:T:C,chrX:24025131:C:T,chrX:101349769:T:G,chrX:30871740:A:G,chrX:136511008:G:A","sample_1",2794,"chrX:23743005:A:C","nonPAR",23743005,"A","C","ACOT9","inactive","nonPAR_inactive","No","No",20,0,20,20,0,"BTK,BEX4,DOCK11,PRPS2,RTL8A,HTATSF1,SMS,APOO,KLHL15,TAB3,NBDY,FAAH2,NONO,HDAC8,ITM2A",15,18,718,2076,35
"chrX:71300490:C:T,chrX:135051967:T:A,chrX:12791542:G:A,chrX:72572062:C:T,chrX:56817338:G:A,chrX:79360853:T:G,chrX:21940733:A:G,chrX:79360874:T:G,chrX:79360717:C:G,chrX:23907717:A:T,chrX:118685810:A:C,chrX:103215423:T:G,chrX:118685939:A:G,chrX:57286924:T:C,chrX:24025131:C:T,chrX:101349769:T:G,chrX:30871740:A:G,chrX:136511008:G:A","sample_1",2794,"chrX:1601004:C:G","PAR1",1601004,"C","G","AKAP17A","escape","PAR1","No","No",4,13,17,16,0.235294117647059,"BTK,BEX4,DOCK11,PRPS2,RTL8A,HTATSF1,SMS,APOO,KLHL15,TAB3,NBDY,FAAH2,NONO,HDAC8,ITM2A",15,18,718,2076,35
"chrX:71300490:C:T,chrX:135051967:T:A,chrX:12791542:G:A,chrX:72572062:C:T,chrX:56817338:G:A,chrX:79360853:T:G,chrX:21940733:A:G,chrX:79360874:T:G,chrX:79360717:C:G,chrX:23907717:A:T,chrX:118685810:A:C,chrX:103215423:T:G,chrX:118685939:A:G,chrX:57286924:T:C,chrX:24025131:C:T,chrX:101349769:T:G,chrX:30871740:A:G,chrX:136511008:G:A","sample_1",2794,"chrX:153910800:A:G","nonPAR",153910800,"A","G","ARHGAP4","variable","nonPAR_variable","No","No",5,47,52,50,0.0961538461538462,"BTK,BEX4,DOCK11,PRPS2,RTL8A,HTATSF1,SMS,APOO,KLHL15,TAB3,NBDY,FAAH2,NONO,HDAC8,ITM2A",15,18,718,2076,35
"chrX:71300490:C:T,chrX:135051967:T:A,chrX:12791542:G:A,chrX:72572062:C:T,chrX:56817338:G:A,chrX:79360853:T:G,chrX:21940733:A:G,chrX:79360874:T:G,chrX:79360717:C:G,chrX:23907717:A:T,chrX:118685810:A:C,chrX:103215423:T:G,chrX:118685939:A:G,chrX:57286924:T:C,chrX:24025131:C:T,chrX:101349769:T:G,chrX:30871740:A:G,chrX:136511008:G:A","sample_1",2794,"chrX:1412755:C:T","PAR1",1412755,"C","T","ASMTL","escape","PAR1","No","No",8,10,18,18,0.444444444444444,"BTK,BEX4,DOCK11,PRPS2,RTL8A,HTATSF1,SMS,APOO,KLHL15,TAB3,NBDY,FAAH2,NONO,HDAC8,ITM2A",15,18,718,2076,35
"chrX:71300490:C:T,chrX:135051967:T:A,chrX:12791542:G:A,chrX:72572062:C:T,chrX:56817338:G:A,chrX:79360853:T:G,chrX:21940733:A:G,chrX:79360874:T:G,chrX:79360717:C:G,chrX:23907717:A:T,chrX:118685810:A:C,chrX:103215423:T:G,chrX:118685939:A:G,chrX:57286924:T:C,chrX:24025131:C:T,chrX:101349769:T:G,chrX:30871740:A:G,chrX:136511008:G:A","sample_1",2794,"chrX:136648396:T:C","nonPAR",136648396,"T","C","CD40LG","variable","nonPAR_variable","No","No",205,9,214,187,0.0420560747663551,"BTK,BEX4,DOCK11,PRPS2,RTL8A,HTATSF1,SMS,APOO,KLHL15,TAB3,NBDY,FAAH2,NONO,HDAC8,ITM2A",15,18,718,2076,35
"chrX:71300490:C:T,chrX:135051967:T:A,chrX:12791542:G:A,chrX:72572062:C:T,chrX:56817338:G:A,chrX:79360853:T:G,chrX:21940733:A:G,chrX:79360874:T:G,chrX:79360717:C:G,chrX:23907717:A:T,chrX:118685810:A:C,chrX:103215423:T:G,chrX:118685939:A:G,chrX:57286924:T:C,chrX:24025131:C:T,chrX:101349769:T:G,chrX:30871740:A:G,chrX:136511008:G:A","sample_1",2794,"chrX:2714441:C:T","PAR1",2714441,"C","T","CD99","escape","PAR1","No","No",2358,1656,4014,1857,0.412556053811659,"BTK,BEX4,DOCK11,PRPS2,RTL8A,HTATSF1,SMS,APOO,KLHL15,TAB3,NBDY,FAAH2,NONO,HDAC8,ITM2A",15,18,718,2076,35
"chrX:71300490:C:T,chrX:135051967:T:A,chrX:12791542:G:A,chrX:72572062:C:T,chrX:56817338:G:A,chrX:79360853:T:G,chrX:21940733:A:G,chrX:79360874:T:G,chrX:79360717:C:G,chrX:23907717:A:T,chrX:118685810:A:C,chrX:103215423:T:G,chrX:118685939:A:G,chrX:57286924:T:C,chrX:24025131:C:T,chrX:101349769:T:G,chrX:30871740:A:G,chrX:136511008:G:A","sample_1",2794,"chrX:86027411:G:A","nonPAR",86027411,"G","A","CHM","inactive","nonPAR_inactive","No","No",42,2,44,42,0.0454545454545455,"BTK,BEX4,DOCK11,PRPS2,RTL8A,HTATSF1,SMS,APOO,KLHL15,TAB3,NBDY,FAAH2,NONO,HDAC8,ITM2A",15,18,718,2076,35
"chrX:71300490:C:T,chrX:135051967:T:A,chrX:12791542:G:A,chrX:72572062:C:T,chrX:56817338:G:A,chrX:79360853:T:G,chrX:21940733:A:G,chrX:79360874:T:G,chrX:79360717:C:G,chrX:23907717:A:T,chrX:118685810:A:C,chrX:103215423:T:G,chrX:118685939:A:G,chrX:57286924:T:C,chrX:24025131:C:T,chrX:101349769:T:G,chrX:30871740:A:G,chrX:136511008:G:A","sample_1",2794,"chrX:48523786:G:T","nonPAR",48523786,"G","T","EBP","Unknown","nonPAR_unknown","No","No",262,13,275,260,0.0472727272727273,"BTK,BEX4,DOCK11,PRPS2,RTL8A,HTATSF1,SMS,APOO,KLHL15,TAB3,NBDY,FAAH2,NONO,HDAC8,ITM2A",15,18,718,2076,35
"chrX:71300490:C:T,chrX:135051967:T:A,chrX:12791542:G:A,chrX:72572062:C:T,chrX:56817338:G:A,chrX:79360853:T:G,chrX:21940733:A:G,chrX:79360874:T:G,chrX:79360717:C:G,chrX:23907717:A:T,chrX:118685810:A:C,chrX:103215423:T:G,chrX:118685939:A:G,chrX:57286924:T:C,chrX:24025131:C:T,chrX:101349769:T:G,chrX:30871740:A:G,chrX:136511008:G:A","sample_1",2794,"chrX:24055644:C:T","nonPAR",24055644,"C","T","EIF2S3","escape","nonPAR_escape","No","No",719,305,1024,807,0.2978515625,"BTK,BEX4,DOCK11,PRPS2,RTL8A,HTATSF1,SMS,APOO,KLHL15,TAB3,NBDY,FAAH2,NONO,HDAC8,ITM2A",15,18,718,2076,35
"chrX:71300490:C:T,chrX:135051967:T:A,chrX:12791542:G:A,chrX:72572062:C:T,chrX:56817338:G:A,chrX:79360853:T:G,chrX:21940733:A:G,chrX:79360874:T:G,chrX:79360717:C:G,chrX:23907717:A:T,chrX:118685810:A:C,chrX:103215423:T:G,chrX:118685939:A:G,chrX:57286924:T:C,chrX:24025131:C:T,chrX:101349769:T:G,chrX:30871740:A:G,chrX:136511008:G:A","sample_1",2794,"chrX:14869025:C:G","nonPAR",14869025,"C","G","FANCB","inactive","nonPAR_inactive","No","No",0,21,21,21,0,"BTK,BEX4,DOCK11,PRPS2,RTL8A,HTATSF1,SMS,APOO,KLHL15,TAB3,NBDY,FAAH2,NONO,HDAC8,ITM2A",15,18,718,2076,35
"chrX:71300490:C:T,chrX:135051967:T:A,chrX:12791542:G:A,chrX:72572062:C:T,chrX:56817338:G:A,chrX:79360853:T:G,chrX:21940733:A:G,chrX:79360874:T:G,chrX:79360717:C:G,chrX:23907717:A:T,chrX:118685810:A:C,chrX:103215423:T:G,chrX:118685939:A:G,chrX:57286924:T:C,chrX:24025131:C:T,chrX:101349769:T:G,chrX:30871740:A:G,chrX:136511008:G:A","sample_1",2794,"chrX:1382578:C:T","PAR1",1382578,"C","T","IL3RA","escape","PAR1","No","No",6,13,19,19,0.31578947368421,"BTK,BEX4,DOCK11,PRPS2,RTL8A,HTATSF1,SMS,APOO,KLHL15,TAB3,NBDY,FAAH2,NONO,HDAC8,ITM2A",15,18,718,2076,35
"chrX:71300490:C:T,chrX:135051967:T:A,chrX:12791542:G:A,chrX:72572062:C:T,chrX:56817338:G:A,chrX:79360853:T:G,chrX:21940733:A:G,chrX:79360874:T:G,chrX:79360717:C:G,chrX:23907717:A:T,chrX:118685810:A:C,chrX:103215423:T:G,chrX:118685939:A:G,chrX:57286924:T:C,chrX:24025131:C:T,chrX:101349769:T:G,chrX:30871740:A:G,chrX:136511008:G:A","sample_1",2794,"chrX:153599474:G:A","nonPAR",153599474,"G","A","LOC105373383","Unknown","nonPAR_unknown","No","No",3,27,30,29,0.1,"BTK,BEX4,DOCK11,PRPS2,RTL8A,HTATSF1,SMS,APOO,KLHL15,TAB3,NBDY,FAAH2,NONO,HDAC8,ITM2A",15,18,718,2076,35
"chrX:71300490:C:T,chrX:135051967:T:A,chrX:12791542:G:A,chrX:72572062:C:T,chrX:56817338:G:A,chrX:79360853:T:G,chrX:21940733:A:G,chrX:79360874:T:G,chrX:79360717:C:G,chrX:23907717:A:T,chrX:118685810:A:C,chrX:103215423:T:G,chrX:118685939:A:G,chrX:57286924:T:C,chrX:24025131:C:T,chrX:101349769:T:G,chrX:30871740:A:G,chrX:136511008:G:A","sample_1",2794,"chrX:40714882:A:G","nonPAR",40714882,"A","G","MED14","escape","nonPAR_escape","No","No",48,9,57,56,0.157894736842105,"BTK,BEX4,DOCK11,PRPS2,RTL8A,HTATSF1,SMS,APOO,KLHL15,TAB3,NBDY,FAAH2,NONO,HDAC8,ITM2A",15,18,718,2076,35
"chrX:71300490:C:T,chrX:135051967:T:A,chrX:12791542:G:A,chrX:72572062:C:T,chrX:56817338:G:A,chrX:79360853:T:G,chrX:21940733:A:G,chrX:79360874:T:G,chrX:79360717:C:G,chrX:23907717:A:T,chrX:118685810:A:C,chrX:103215423:T:G,chrX:118685939:A:G,chrX:57286924:T:C,chrX:24025131:C:T,chrX:101349769:T:G,chrX:30871740:A:G,chrX:136511008:G:A","sample_1",2794,"chrX:103676032:A:G","nonPAR",103676032,"A","G","MORF4L2","inactive","nonPAR_inactive","No","No",0,18,18,18,0,"BTK,BEX4,DOCK11,PRPS2,RTL8A,HTATSF1,SMS,APOO,KLHL15,TAB3,NBDY,FAAH2,NONO,HDAC8,ITM2A",15,18,718,2076,35
"chrX:71300490:C:T,chrX:135051967:T:A,chrX:12791542:G:A,chrX:72572062:C:T,chrX:56817338:G:A,chrX:79360853:T:G,chrX:21940733:A:G,chrX:79360874:T:G,chrX:79360717:C:G,chrX:23907717:A:T,chrX:118685810:A:C,chrX:103215423:T:G,chrX:118685939:A:G,chrX:57286924:T:C,chrX:24025131:C:T,chrX:101349769:T:G,chrX:30871740:A:G,chrX:136511008:G:A","sample_1",2794,"chrX:78960527:A:C","nonPAR",78960527,"A","C","P2RY10","variable","nonPAR_variable","No","No",6,135,141,132,0.0425531914893617,"BTK,BEX4,DOCK11,PRPS2,RTL8A,HTATSF1,SMS,APOO,KLHL15,TAB3,NBDY,FAAH2,NONO,HDAC8,ITM2A",15,18,718,2076,35
"chrX:71300490:C:T,chrX:135051967:T:A,chrX:12791542:G:A,chrX:72572062:C:T,chrX:56817338:G:A,chrX:79360853:T:G,chrX:21940733:A:G,chrX:79360874:T:G,chrX:79360717:C:G,chrX:23907717:A:T,chrX:118685810:A:C,chrX:103215423:T:G,chrX:118685939:A:G,chrX:57286924:T:C,chrX:24025131:C:T,chrX:101349769:T:G,chrX:30871740:A:G,chrX:136511008:G:A","sample_1",2794,"chrX:1471554:G:A","PAR1",1471554,"G","A","P2RY8","escape","PAR1","No","No",12,11,23,23,0.478260869565217,"BTK,BEX4,DOCK11,PRPS2,RTL8A,HTATSF1,SMS,APOO,KLHL15,TAB3,NBDY,FAAH2,NONO,HDAC8,ITM2A",15,18,718,2076,35
"chrX:71300490:C:T,chrX:135051967:T:A,chrX:12791542:G:A,chrX:72572062:C:T,chrX:56817338:G:A,chrX:79360853:T:G,chrX:21940733:A:G,chrX:79360874:T:G,chrX:79360717:C:G,chrX:23907717:A:T,chrX:118685810:A:C,chrX:103215423:T:G,chrX:118685939:A:G,chrX:57286924:T:C,chrX:24025131:C:T,chrX:101349769:T:G,chrX:30871740:A:G,chrX:136511008:G:A","sample_1",2794,"chrX:19357664:A:C","nonPAR",19357664,"A","C","PDHA1","inactive","nonPAR_inactive","No","No",8,0,8,8,0,"BTK,BEX4,DOCK11,PRPS2,RTL8A,HTATSF1,SMS,APOO,KLHL15,TAB3,NBDY,FAAH2,NONO,HDAC8,ITM2A",15,18,718,2076,35
"chrX:71300490:C:T,chrX:135051967:T:A,chrX:12791542:G:A,chrX:72572062:C:T,chrX:56817338:G:A,chrX:79360853:T:G,chrX:21940733:A:G,chrX:79360874:T:G,chrX:79360717:C:G,chrX:23907717:A:T,chrX:118685810:A:C,chrX:103215423:T:G,chrX:118685939:A:G,chrX:57286924:T:C,chrX:24025131:C:T,chrX:101349769:T:G,chrX:30871740:A:G,chrX:136511008:G:A","sample_1",2794,"chrX:3674684:G:A","nonPAR",3674684,"G","A","PRKX","escape","nonPAR_escape","No","No",22,45,67,64,0.328358208955224,"BTK,BEX4,DOCK11,PRPS2,RTL8A,HTATSF1,SMS,APOO,KLHL15,TAB3,NBDY,FAAH2,NONO,HDAC8,ITM2A",15,18,718,2076,35
"chrX:71300490:C:T,chrX:135051967:T:A,chrX:12791542:G:A,chrX:72572062:C:T,chrX:56817338:G:A,chrX:79360853:T:G,chrX:21940733:A:G,chrX:79360874:T:G,chrX:79360717:C:G,chrX:23907717:A:T,chrX:118685810:A:C,chrX:103215423:T:G,chrX:118685939:A:G,chrX:57286924:T:C,chrX:24025131:C:T,chrX:101349769:T:G,chrX:30871740:A:G,chrX:136511008:G:A","sample_1",2794,"chrX:7105637:G:A","nonPAR",7105637,"G","A","PUDP","escape","nonPAR_escape","No","No",75,46,121,120,0.380165289256198,"BTK,BEX4,DOCK11,PRPS2,RTL8A,HTATSF1,SMS,APOO,KLHL15,TAB3,NBDY,FAAH2,NONO,HDAC8,ITM2A",15,18,718,2076,35
"chrX:71300490:C:T,chrX:135051967:T:A,chrX:12791542:G:A,chrX:72572062:C:T,chrX:56817338:G:A,chrX:79360853:T:G,chrX:21940733:A:G,chrX:79360874:T:G,chrX:79360717:C:G,chrX:23907717:A:T,chrX:118685810:A:C,chrX:103215423:T:G,chrX:118685939:A:G,chrX:57286924:T:C,chrX:24025131:C:T,chrX:101349769:T:G,chrX:30871740:A:G,chrX:136511008:G:A","sample_1",2794,"chrX:48576920:G:A","nonPAR",48576920,"G","A","RBM3","variable","nonPAR_variable","No","No",0,17,17,17,0,"BTK,BEX4,DOCK11,PRPS2,RTL8A,HTATSF1,SMS,APOO,KLHL15,TAB3,NBDY,FAAH2,NONO,HDAC8,ITM2A",15,18,718,2076,35
"chrX:71300490:C:T,chrX:135051967:T:A,chrX:12791542:G:A,chrX:72572062:C:T,chrX:56817338:G:A,chrX:79360853:T:G,chrX:21940733:A:G,chrX:79360874:T:G,chrX:79360717:C:G,chrX:23907717:A:T,chrX:118685810:A:C,chrX:103215423:T:G,chrX:118685939:A:G,chrX:57286924:T:C,chrX:24025131:C:T,chrX:101349769:T:G,chrX:30871740:A:G,chrX:136511008:G:A","sample_1",2794,"chrX:130402223:C:T","nonPAR",130402223,"C","T","RBMX2","inactive","nonPAR_inactive","No","No",2,28,30,30,0.0666666666666667,"BTK,BEX4,DOCK11,PRPS2,RTL8A,HTATSF1,SMS,APOO,KLHL15,TAB3,NBDY,FAAH2,NONO,HDAC8,ITM2A",15,18,718,2076,35
"chrX:71300490:C:T,chrX:135051967:T:A,chrX:12791542:G:A,chrX:72572062:C:T,chrX:56817338:G:A,chrX:79360853:T:G,chrX:21940733:A:G,chrX:79360874:T:G,chrX:79360717:C:G,chrX:23907717:A:T,chrX:118685810:A:C,chrX:103215423:T:G,chrX:118685939:A:G,chrX:57286924:T:C,chrX:24025131:C:T,chrX:101349769:T:G,chrX:30871740:A:G,chrX:136511008:G:A","sample_1",2794,"chrX:81297730:C:T","nonPAR",81297730,"C","T","SH3BGRL","variable","nonPAR_variable","No","No",64,4,68,65,0.0588235294117647,"BTK,BEX4,DOCK11,PRPS2,RTL8A,HTATSF1,SMS,APOO,KLHL15,TAB3,NBDY,FAAH2,NONO,HDAC8,ITM2A",15,18,718,2076,35
"chrX:71300490:C:T,chrX:135051967:T:A,chrX:12791542:G:A,chrX:72572062:C:T,chrX:56817338:G:A,chrX:79360853:T:G,chrX:21940733:A:G,chrX:79360874:T:G,chrX:79360717:C:G,chrX:23907717:A:T,chrX:118685810:A:C,chrX:103215423:T:G,chrX:118685939:A:G,chrX:57286924:T:C,chrX:24025131:C:T,chrX:101349769:T:G,chrX:30871740:A:G,chrX:136511008:G:A","sample_1",2794,"chrX:19643322:A:T","nonPAR",19643322,"A","T","SH3KBP1","inactive","nonPAR_inactive","No","No",2,5,7,7,0.285714285714286,"BTK,BEX4,DOCK11,PRPS2,RTL8A,HTATSF1,SMS,APOO,KLHL15,TAB3,NBDY,FAAH2,NONO,HDAC8,ITM2A",15,18,718,2076,35
"chrX:71300490:C:T,chrX:135051967:T:A,chrX:12791542:G:A,chrX:72572062:C:T,chrX:56817338:G:A,chrX:79360853:T:G,chrX:21940733:A:G,chrX:79360874:T:G,chrX:79360717:C:G,chrX:23907717:A:T,chrX:118685810:A:C,chrX:103215423:T:G,chrX:118685939:A:G,chrX:57286924:T:C,chrX:24025131:C:T,chrX:101349769:T:G,chrX:30871740:A:G,chrX:136511008:G:A","sample_1",2794,"chrX:53422619:G:A","nonPAR",53422619,"G","A","SMC1A","escape","nonPAR_escape","No","No",36,14,50,48,0.28,"BTK,BEX4,DOCK11,PRPS2,RTL8A,HTATSF1,SMS,APOO,KLHL15,TAB3,NBDY,FAAH2,NONO,HDAC8,ITM2A",15,18,718,2076,35
"chrX:71300490:C:T,chrX:135051967:T:A,chrX:12791542:G:A,chrX:72572062:C:T,chrX:56817338:G:A,chrX:79360853:T:G,chrX:21940733:A:G,chrX:79360874:T:G,chrX:79360717:C:G,chrX:23907717:A:T,chrX:118685810:A:C,chrX:103215423:T:G,chrX:118685939:A:G,chrX:57286924:T:C,chrX:24025131:C:T,chrX:101349769:T:G,chrX:30871740:A:G,chrX:136511008:G:A","sample_1",2794,"chrX:132074568:T:A","nonPAR",132074568,"T","A","STK26","inactive","nonPAR_inactive","No","No",13,5,18,18,0.277777777777778,"BTK,BEX4,DOCK11,PRPS2,RTL8A,HTATSF1,SMS,APOO,KLHL15,TAB3,NBDY,FAAH2,NONO,HDAC8,ITM2A",15,18,718,2076,35
"chrX:71300490:C:T,chrX:135051967:T:A,chrX:12791542:G:A,chrX:72572062:C:T,chrX:56817338:G:A,chrX:79360853:T:G,chrX:21940733:A:G,chrX:79360874:T:G,chrX:79360717:C:G,chrX:23907717:A:T,chrX:118685810:A:C,chrX:103215423:T:G,chrX:118685939:A:G,chrX:57286924:T:C,chrX:24025131:C:T,chrX:101349769:T:G,chrX:30871740:A:G,chrX:136511008:G:A","sample_1",2794,"chrX:7148010:A:C","nonPAR",7148010,"A","C","STS","escape","nonPAR_escape","No","No",23,7,30,29,0.233333333333333,"BTK,BEX4,DOCK11,PRPS2,RTL8A,HTATSF1,SMS,APOO,KLHL15,TAB3,NBDY,FAAH2,NONO,HDAC8,ITM2A",15,18,718,2076,35
"chrX:71300490:C:T,chrX:135051967:T:A,chrX:12791542:G:A,chrX:72572062:C:T,chrX:56817338:G:A,chrX:79360853:T:G,chrX:21940733:A:G,chrX:79360874:T:G,chrX:79360717:C:G,chrX:23907717:A:T,chrX:118685810:A:C,chrX:103215423:T:G,chrX:118685939:A:G,chrX:57286924:T:C,chrX:24025131:C:T,chrX:101349769:T:G,chrX:30871740:A:G,chrX:136511008:G:A","sample_1",2794,"chrX:16760404:A:C","nonPAR",16760404,"A","C","SYAP1","escape","nonPAR_escape","No","No",10,2,12,12,0.166666666666667,"BTK,BEX4,DOCK11,PRPS2,RTL8A,HTATSF1,SMS,APOO,KLHL15,TAB3,NBDY,FAAH2,NONO,HDAC8,ITM2A",15,18,718,2076,35
"chrX:71300490:C:T,chrX:135051967:T:A,chrX:12791542:G:A,chrX:72572062:C:T,chrX:56817338:G:A,chrX:79360853:T:G,chrX:21940733:A:G,chrX:79360874:T:G,chrX:79360717:C:G,chrX:23907717:A:T,chrX:118685810:A:C,chrX:103215423:T:G,chrX:118685939:A:G,chrX:57286924:T:C,chrX:24025131:C:T,chrX:101349769:T:G,chrX:30871740:A:G,chrX:136511008:G:A","sample_1",2794,"chrX:13661096:G:A","nonPAR",13661096,"G","A","TCEANC","escape","nonPAR_escape","No","No",14,2,16,15,0.125,"BTK,BEX4,DOCK11,PRPS2,RTL8A,HTATSF1,SMS,APOO,KLHL15,TAB3,NBDY,FAAH2,NONO,HDAC8,ITM2A",15,18,718,2076,35
"chrX:71300490:C:T,chrX:135051967:T:A,chrX:12791542:G:A,chrX:72572062:C:T,chrX:56817338:G:A,chrX:79360853:T:G,chrX:21940733:A:G,chrX:79360874:T:G,chrX:79360717:C:G,chrX:23907717:A:T,chrX:118685810:A:C,chrX:103215423:T:G,chrX:118685939:A:G,chrX:57286924:T:C,chrX:24025131:C:T,chrX:101349769:T:G,chrX:30871740:A:G,chrX:136511008:G:A","sample_1",2794,"chrX:12976131:A:G","nonPAR",12976131,"A","G","TMSB4X","Unknown","nonPAR_unknown","No","No",1,20,21,21,0.0476190476190476,"BTK,BEX4,DOCK11,PRPS2,RTL8A,HTATSF1,SMS,APOO,KLHL15,TAB3,NBDY,FAAH2,NONO,HDAC8,ITM2A",15,18,718,2076,35
"chrX:71300490:C:T,chrX:135051967:T:A,chrX:12791542:G:A,chrX:72572062:C:T,chrX:56817338:G:A,chrX:79360853:T:G,chrX:21940733:A:G,chrX:79360874:T:G,chrX:79360717:C:G,chrX:23907717:A:T,chrX:118685810:A:C,chrX:103215423:T:G,chrX:118685939:A:G,chrX:57286924:T:C,chrX:24025131:C:T,chrX:101349769:T:G,chrX:30871740:A:G,chrX:136511008:G:A","sample_1",2794,"chrX:16842011:T:C","nonPAR",16842011,"T","C","TXLNG","escape","nonPAR_escape","No","No",12,5,17,17,0.294117647058824,"BTK,BEX4,DOCK11,PRPS2,RTL8A,HTATSF1,SMS,APOO,KLHL15,TAB3,NBDY,FAAH2,NONO,HDAC8,ITM2A",15,18,718,2076,35
"chrX:71300490:C:T,chrX:135051967:T:A,chrX:12791542:G:A,chrX:72572062:C:T,chrX:56817338:G:A,chrX:79360853:T:G,chrX:21940733:A:G,chrX:79360874:T:G,chrX:79360717:C:G,chrX:23907717:A:T,chrX:118685810:A:C,chrX:103215423:T:G,chrX:118685939:A:G,chrX:57286924:T:C,chrX:24025131:C:T,chrX:101349769:T:G,chrX:30871740:A:G,chrX:136511008:G:A","sample_1",2794,"chrX:47203135:G:A","nonPAR",47203135,"G","A","UBA1","escape","nonPAR_escape","No","No",6,3,9,9,0.333333333333333,"BTK,BEX4,DOCK11,PRPS2,RTL8A,HTATSF1,SMS,APOO,KLHL15,TAB3,NBDY,FAAH2,NONO,HDAC8,ITM2A",15,18,718,2076,35
"chrX:71300490:C:T,chrX:135051967:T:A,chrX:12791542:G:A,chrX:72572062:C:T,chrX:56817338:G:A,chrX:79360853:T:G,chrX:21940733:A:G,chrX:79360874:T:G,chrX:79360717:C:G,chrX:23907717:A:T,chrX:118685810:A:C,chrX:103215423:T:G,chrX:118685939:A:G,chrX:57286924:T:C,chrX:24025131:C:T,chrX:101349769:T:G,chrX:30871740:A:G,chrX:136511008:G:A","sample_1",2794,"chrX:41232933:G:A","nonPAR",41232933,"G","A","USP9X","escape","nonPAR_escape","No","No",10,14,24,25,0.416666666666667,"BTK,BEX4,DOCK11,PRPS2,RTL8A,HTATSF1,SMS,APOO,KLHL15,TAB3,NBDY,FAAH2,NONO,HDAC8,ITM2A",15,18,718,2076,35
"chrX:71300490:C:T,chrX:135051967:T:A,chrX:12791542:G:A,chrX:72572062:C:T,chrX:56817338:G:A,chrX:79360853:T:G,chrX:21940733:A:G,chrX:79360874:T:G,chrX:79360717:C:G,chrX:23907717:A:T,chrX:118685810:A:C,chrX:103215423:T:G,chrX:118685939:A:G,chrX:57286924:T:C,chrX:24025131:C:T,chrX:101349769:T:G,chrX:30871740:A:G,chrX:136511008:G:A","sample_1",2794,"chrX:123860872:T:C","nonPAR",123860872,"T","C","XIAP","inactive","nonPAR_inactive","No","No",16,0,16,16,0,"BTK,BEX4,DOCK11,PRPS2,RTL8A,HTATSF1,SMS,APOO,KLHL15,TAB3,NBDY,FAAH2,NONO,HDAC8,ITM2A",15,18,718,2076,35
"chrX:71300490:C:T,chrX:135051967:T:A,chrX:12791542:G:A,chrX:72572062:C:T,chrX:56817338:G:A,chrX:79360853:T:G,chrX:21940733:A:G,chrX:79360874:T:G,chrX:79360717:C:G,chrX:23907717:A:T,chrX:118685810:A:C,chrX:103215423:T:G,chrX:118685939:A:G,chrX:57286924:T:C,chrX:24025131:C:T,chrX:101349769:T:G,chrX:30871740:A:G,chrX:136511008:G:A","sample_1",2794,"chrX:2500497:C:T","PAR1",2500497,"C","T","ZBED1","escape","PAR1","No","No",5,17,22,22,0.227272727272727,"BTK,BEX4,DOCK11,PRPS2,RTL8A,HTATSF1,SMS,APOO,KLHL15,TAB3,NBDY,FAAH2,NONO,HDAC8,ITM2A",15,18,718,2076,35
"chrX:71300490:C:T,chrX:135051967:T:A,chrX:12791542:G:A,chrX:72572062:C:T,chrX:56817338:G:A,chrX:79360853:T:G,chrX:21940733:A:G,chrX:79360874:T:G,chrX:79360717:C:G,chrX:23907717:A:T,chrX:118685810:A:C,chrX:103215423:T:G,chrX:118685939:A:G,chrX:57286924:T:C,chrX:24025131:C:T,chrX:101349769:T:G,chrX:30871740:A:G,chrX:136511008:G:A","sample_1",2794,"chrX:153345527:T:C","nonPAR",153345527,"T","C","ZNF275","inactive","nonPAR_inactive","No","No",0,10,10,10,0,"BTK,BEX4,DOCK11,PRPS2,RTL8A,HTATSF1,SMS,APOO,KLHL15,TAB3,NBDY,FAAH2,NONO,HDAC8,ITM2A",15,18,718,2076,35
"chrX:71300490:C:T,chrX:135051967:T:A,chrX:12791542:G:A,chrX:72572062:C:T,chrX:56817338:G:A,chrX:79360853:T:G,chrX:21940733:A:G,chrX:79360874:T:G,chrX:79360717:C:G,chrX:23907717:A:T,chrX:118685810:A:C,chrX:103215423:T:G,chrX:118685939:A:G,chrX:57286924:T:C,chrX:24025131:C:T,chrX:101349769:T:G,chrX:30871740:A:G,chrX:136511008:G:A","sample_1",2794,"chrX:135343688:A:C","nonPAR",135343688,"A","C","ZNF75D","inactive","nonPAR_inactive","No","No",29,0,29,29,0,"BTK,BEX4,DOCK11,PRPS2,RTL8A,HTATSF1,SMS,APOO,KLHL15,TAB3,NBDY,FAAH2,NONO,HDAC8,ITM2A",15,18,718,2076,35
"chrX:71300490:C:T,chrX:135051967:T:A,chrX:12791542:G:A,chrX:72572062:C:T,chrX:56817338:G:A,chrX:79360853:T:G,chrX:21940733:A:G,chrX:79360874:T:G,chrX:79360717:C:G,chrX:23907717:A:T,chrX:118685810:A:C,chrX:103215423:T:G,chrX:118685939:A:G,chrX:57286924:T:C,chrX:24025131:C:T,chrX:101349769:T:G,chrX:30871740:A:G,chrX:136511008:G:A","sample_1",2794,"chrX:15820243:C:T","nonPAR",15820243,"C","T","ZRSR2","escape","nonPAR_escape","No","No",13,6,19,19,0.31578947368421,"BTK,BEX4,DOCK11,PRPS2,RTL8A,HTATSF1,SMS,APOO,KLHL15,TAB3,NBDY,FAAH2,NONO,HDAC8,ITM2A",15,18,718,2076,35
