"SNP_ID","Gene_class","REF1","ALT1","REF2","ALT2","ALTRatio1","ALTRatio2","SNP1","SNP2","Sample_ID","N_SNP","N_Cell_SNP1","N_Cell_SNP2"
"chrX:103683247:T:C","nonPAR_inactive",2,0,0,3,0,1,"chrX:118503249:T:C","chrX:23840335:G:A","sample_1",26,64,53
"chrX:103683291:C:T","nonPAR_inactive",1,0,0,1,0,1,"chrX:118503249:T:C","chrX:23840335:G:A","sample_1",26,64,53
"chrX:103683307:G:T","nonPAR_inactive",1,0,0,1,0,1,"chrX:118503249:T:C","chrX:23840335:G:A","sample_1",26,64,53
"chrX:118503249:T:C","nonPAR_inactive",70,0,0,1,0,1,"chrX:118503249:T:C","chrX:23840335:G:A","sample_1",26,64,53
"chrX:118517183:C:T","nonPAR_inactive",3,0,0,2,0,1,"chrX:118503249:T:C","chrX:23840335:G:A","sample_1",26,64,53
"chrX:118569255:A:G","nonPAR_inactive",2,0,0,2,0,1,"chrX:118503249:T:C","chrX:23840335:G:A","sample_1",26,64,53
"chrX:119626902:G:A","nonPAR_inactive",1,1,0,1,0.5,1,"chrX:118503249:T:C","chrX:23840335:G:A","sample_1",26,64,53
"chrX:124097057:C:T","nonPAR_inactive",0,1,2,0,1,0,"chrX:118503249:T:C","chrX:23840335:G:A","sample_1",26,64,53
"chrX:130107073:C:T","nonPAR_inactive",0,1,2,0,1,0,"chrX:118503249:T:C","chrX:23840335:G:A","sample_1",26,64,53
"chrX:136879428:G:T","nonPAR_inactive",0,1,1,0,1,0,"chrX:118503249:T:C","chrX:23840335:G:A","sample_1",26,64,53
"chrX:143628298:G:A","nonPAR_unknown",1,0,0,1,0,1,"chrX:118503249:T:C","chrX:23840335:G:A","sample_1",26,64,53
"chrX:150764868:T:C","nonPAR_inactive",1,0,0,2,0,1,"chrX:118503249:T:C","chrX:23840335:G:A","sample_1",26,64,53
"chrX:153919948:G:A","nonPAR_variable",6,0,0,5,0,1,"chrX:118503249:T:C","chrX:23840335:G:A","sample_1",26,64,53
"chrX:154360960:T:C","nonPAR_inactive",0,1,2,0,1,0,"chrX:118503249:T:C","chrX:23840335:G:A","sample_1",26,64,53
"chrX:154363125:T:G","nonPAR_inactive",0,1,1,0,1,0,"chrX:118503249:T:C","chrX:23840335:G:A","sample_1",26,64,53
"chrX:154363302:G:T","nonPAR_inactive",0,2,1,0,1,0,"chrX:118503249:T:C","chrX:23840335:G:A","sample_1",26,64,53
"chrX:154363336:T:G","nonPAR_inactive",0,1,1,0,1,0,"chrX:118503249:T:C","chrX:23840335:G:A","sample_1",26,64,53
"chrX:154363340:T:C","nonPAR_inactive",0,1,1,0,1,0,"chrX:118503249:T:C","chrX:23840335:G:A","sample_1",26,64,53
"chrX:154363374:C:T","nonPAR_inactive",0,1,1,0,1,0,"chrX:118503249:T:C","chrX:23840335:G:A","sample_1",26,64,53
"chrX:154381256:G:C","nonPAR_unknown",0,4,1,0,1,0,"chrX:118503249:T:C","chrX:23840335:G:A","sample_1",26,64,53
"chrX:154381257:C:T","nonPAR_unknown",0,4,1,0,1,0,"chrX:118503249:T:C","chrX:23840335:G:A","sample_1",26,64,53
"chrX:154398956:T:C","nonPAR_inactive",0,1,1,0,1,0,"chrX:118503249:T:C","chrX:23840335:G:A","sample_1",26,64,53
"chrX:15771769:C:T","nonPAR_unknown",0,1,1,0,1,0,"chrX:118503249:T:C","chrX:23840335:G:A","sample_1",26,64,53
"chrX:23840335:G:A","nonPAR_inactive",0,1,58,0,1,0,"chrX:118503249:T:C","chrX:23840335:G:A","sample_1",26,64,53
"chrX:3818448:C:T","nonPAR_unknown",0,1,0,1,1,1,"chrX:118503249:T:C","chrX:23840335:G:A","sample_1",26,64,53
"chrX:47624401:G:A","nonPAR_inactive",20,0,0,14,0,1,"chrX:118503249:T:C","chrX:23840335:G:A","sample_1",26,64,53
